,precision,recall,f1-score,support
Tomato___Bacterial_spot,0.6379928315412187,0.8436018957345972,0.726530612244898,211.0
Tomato___Late_blight,0.7724550898203593,0.6113744075829384,0.6825396825396826,211.0
Tomato___Septoria_leaf_spot,0.6984924623115578,0.6587677725118484,0.6780487804878049,211.0
Tomato___Spider_mites Two-spotted_spider_mite,0.7375565610859729,0.7725118483412322,0.7546296296296297,211.0
Tomato___Target_Spot,0.6785714285714286,0.6303317535545023,0.6535626535626535,211.0
Tomato___Tomato_Yellow_Leaf_Curl_Virus,0.7773279352226721,0.909952606635071,0.8384279475982532,211.0
Tomato___healthy,0.8273809523809523,0.6587677725118484,0.7335092348284961,211.0
accuracy,0.7264725795531483,0.7264725795531483,0.7264725795531483,0.7264725795531483
macro avg,0.7328253229905946,0.7264725795531483,0.723892648698774,1477.0
weighted avg,0.7328253229905946,0.7264725795531483,0.723892648698774,1477.0
