Epoch,Train Loss,Train Accuracy,Validation Loss,Validation Accuracy
1,1.158622804895972,0.5641324967167664,0.6671178744763744,0.7585034013605442
2,0.6329184593240066,0.7719247045089742,0.40981171773809966,0.8578231292517007
3,0.4688935833241789,0.8320443601342478,0.37104489150501435,0.8795918367346939
4,0.39381298129704334,0.8623960309353568,0.2844977353705841,0.9183673469387755
5,0.3265510609540064,0.8851597840361886,0.2757483127469919,0.9251700680272109
6,0.27339206426557305,0.9048591857580621,0.2881280684653594,0.9272108843537415
7,0.2632012814544299,0.9077776156427841,0.26355266032778485,0.9306122448979591
8,0.2306055412268301,0.9174084342623668,0.34383148839633887,0.9204081632653062
9,0.20753563253197307,0.9280607033416022,0.30175287172096926,0.9428571428571428
10,0.22901603077506646,0.920472785641325,0.3828705332210275,0.9142857142857143
11,0.16780930976702074,0.9406099518459069,0.3636609608370836,0.9217687074829932
12,0.20835462193645285,0.9301036042609077,0.3336044786637332,0.9346938775510204
13,0.13988595018504432,0.9484897125346563,0.3199306896780016,0.9462585034013605
14,0.16433960277199589,0.9419232452940318,0.44361924150844617,0.9102040816326531
15,0.13769297276542822,0.9503866919597257,0.3463246853578658,0.9408163265306122
16,0.1551323500730279,0.9454253611556982,0.42111975145177777,0.9163265306122449
17,0.12544202862948062,0.9570990806945863,0.35270347311193134,0.9455782312925171
18,0.13820142071763886,0.95097037793667,0.3293635237087705,0.9421768707482994
19,0.1139333594648047,0.9594338246023639,0.37094121755284515,0.9503401360544218
20,0.08482461674368574,0.9724208375893769,0.4558133187507387,0.9285714285714286
21,0.10120624092873798,0.9660002918429885,0.3886846111559936,0.9435374149659864
22,0.07365796883754551,0.9727126805778491,0.41627213695929166,0.9530612244897959
23,0.09860501234797718,0.9635196264409748,0.3636938818654388,0.9510204081632653
24,0.0713179943819283,0.9731504450605574,0.4610281290169679,0.9523809523809523
25,0.08420270239111723,0.9706697796585437,0.5213761265643042,0.9142857142857143
26,0.09807131891396383,0.9664380563256968,0.5079034951065673,0.9374149659863945
27,0.06405254416795594,0.9778199328761127,0.44804881335106256,0.9503401360544218
28,0.07909964278980293,0.9713993871297242,0.42761279281386577,0.9489795918367347
29,0.06740515545504155,0.9746096600029184,0.4673013575070975,0.9564625850340136
30,0.0705963989871141,0.9757770319568072,0.5842324120726089,0.9299319727891157
